"Refs","Value","Footprint","Qty","DNP"
"BZ1","BUZZER_ACTIVE","Buzzer_Beeper:Buzzer_12x9.5RM7.6","1",""
"C1","10uF","Capacitor_SMD:C_0805_2012Metric","1",""
"C2","100nF","Capacitor_SMD:C_0603_1608Metric","1",""
"C3","1uF","Capacitor_SMD:C_0603_1608Metric","1",""
"C6","100nF","Capacitor_SMD:C_0603_1608Metric","1",""
"C7","2.2uF","Capacitor_SMD:C_0603_1608Metric","1",""
"C9","10uF","Capacitor_SMD:C_0805_2012Metric","1",""
"C10","10uF","Capacitor_SMD:C_0805_2012Metric","1",""
"C11","1uF","Capacitor_SMD:C_0603_1608Metric","1",""
"C12","2.2uF","Capacitor_SMD:C_0603_1608Metric","1",""
"C13","100nF","Capacitor_SMD:C_0603_1608Metric","1",""
"C14","100nF","Capacitor_SMD:C_0603_1608Metric","1",""
"C15","100nF","Capacitor_SMD:C_0603_1608Metric","1",""
"C16","100nF","Capacitor_SMD:C_0603_1608Metric","1",""
"C24","100uF","Capacitor_SMD:CP_Elec_5x5.3","1",""
"C25","100nF","Capacitor_SMD:C_0603_1608Metric","1",""
"C26","100nF","Capacitor_SMD:C_0603_1608Metric","1",""
"C27","100nF","Capacitor_SMD:C_0603_1608Metric","1",""
"D1","RED_CHRG","LED_SMD:LED_0603_1608Metric","1",""
"D2","GRN_DONE","LED_SMD:LED_0603_1608Metric","1",""
"D3","B5819W","Diode_SMD:D_SOD-123","1",""
"D4","B5819W","Diode_SMD:D_SOD-123","1",""
"D5","B5819W","Diode_SMD:D_SOD-123","1",""
"D6","B5819W","Diode_SMD:D_SOD-123","1",""
"D7","WS2812B_RGB","LED_SMD:LED_WS2812B_PLCC4_5.0x5.0mm_P3.2mm","1",""
"D8","BLUE_STATUS","LED_SMD:LED_0603_1608Metric","1",""
"D9","B5819W","Diode_SMD:D_SOD-123","1",""
"D10","WHITE_FL","LED_SMD:LED_0603_1608Metric","1",""
"D11","WHITE_FR","LED_SMD:LED_0603_1608Metric","1",""
"D12","RED_RL","LED_SMD:LED_0603_1608Metric","1",""
"D13","RED_RR","LED_SMD:LED_0603_1608Metric","1",""
"J1","3.7V_LIPO","Connector_JST:JST_PH_S2B-PH-K_1x02_P2.00mm_Horizontal","1",""
"J2","USB_C_16P","Connector_USB:USB_C_Receptacle_HRO_TYPE-C-31-M-12","1",""
"J3","RC_RECEIVER","Connector_PinHeader_2.54mm:PinHeader_1x04_P2.54mm_Vertical","1",""
"J4","M1_MOTOR","Connector_PinHeader_1.27mm:PinHeader_1x02_P1.27mm_Vertical","1",""
"J5","M2_MOTOR","Connector_PinHeader_1.27mm:PinHeader_1x02_P1.27mm_Vertical","1",""
"J6","M3_MOTOR","Connector_PinHeader_1.27mm:PinHeader_1x02_P1.27mm_Vertical","1",""
"J7","M4_MOTOR","Connector_PinHeader_1.27mm:PinHeader_1x02_P1.27mm_Vertical","1",""
"J8","GPS_MODULE","Connector_PinHeader_1.27mm:PinHeader_1x04_P1.27mm_Vertical","1",""
"J9","I2C_COMPASS","Connector_PinHeader_1.27mm:PinHeader_1x02_P1.27mm_Vertical","1",""
"Q1","AO3400A","Package_TO_SOT_SMD:SOT-23","1",""
"Q2","AO3400A","Package_TO_SOT_SMD:SOT-23","1",""
"Q3","AO3400A","Package_TO_SOT_SMD:SOT-23","1",""
"Q4","AO3400A","Package_TO_SOT_SMD:SOT-23","1",""
"Q5","AO3400A","Package_TO_SOT_SMD:SOT-23","1",""
"Q6","AO3400A","Package_TO_SOT_SMD:SOT-23","1",""
"R1","5.1k","Resistor_SMD:R_0603_1608Metric","1",""
"R2","5.1k","Resistor_SMD:R_0603_1608Metric","1",""
"R3","10k","Resistor_SMD:R_0603_1608Metric","1",""
"R4","10k","Resistor_SMD:R_0603_1608Metric","1",""
"R5","1.2k","Resistor_SMD:R_0603_1608Metric","1",""
"R6","1k","Resistor_SMD:R_0603_1608Metric","1",""
"R7","1k","Resistor_SMD:R_0603_1608Metric","1",""
"R8","47R","Resistor_SMD:R_0603_1608Metric","1",""
"R9","10k","Resistor_SMD:R_0603_1608Metric","1",""
"R10","47R","Resistor_SMD:R_0603_1608Metric","1",""
"R11","10k","Resistor_SMD:R_0603_1608Metric","1",""
"R12","47R","Resistor_SMD:R_0603_1608Metric","1",""
"R13","10k","Resistor_SMD:R_0603_1608Metric","1",""
"R14","47R","Resistor_SMD:R_0603_1608Metric","1",""
"R15","10k","Resistor_SMD:R_0603_1608Metric","1",""
"R26","100k_1%","Resistor_SMD:R_0603_1608Metric","1",""
"R27","100k_1%","Resistor_SMD:R_0603_1608Metric","1",""
"R28","330R","Resistor_SMD:R_0603_1608Metric","1",""
"R29","1k","Resistor_SMD:R_0603_1608Metric","1",""
"R30","1k","Resistor_SMD:R_0603_1608Metric","1",""
"R31","10k","Resistor_SMD:R_0603_1608Metric","1",""
"R32","4.7k","Resistor_SMD:R_0603_1608Metric","1",""
"R33","4.7k","Resistor_SMD:R_0603_1608Metric","1",""
"R35","56R","Resistor_SMD:R_0603_1608Metric","1",""
"R36","56R","Resistor_SMD:R_0603_1608Metric","1",""
"R37","120R","Resistor_SMD:R_0603_1608Metric","1",""
"R38","120R","Resistor_SMD:R_0603_1608Metric","1",""
"R39","1k","Resistor_SMD:R_0603_1608Metric","1",""
"R40","10k","Resistor_SMD:R_0603_1608Metric","1",""
"SW1","RESET","Button_Switch_SMD:SW_SPST_PTS810","1",""
"SW2","BOOT","Button_Switch_SMD:SW_SPST_PTS810","1",""
"SW3","PWR_SW","Button_Switch_SMD:SW_SPDT_PCM12","1",""
"U1","ESP32-S3-WROOM-1","RF_Module:ESP32-S3-WROOM-1","1",""
"U2","ICM-42688-P","Package_LGA:LGA-14_3x2.5mm_P0.5mm_LayoutBorder3x4y","1",""
"U4","TP4056","Package_SO:SOIC-8-1EP_3.9x4.9mm_P1.27mm_EP2.41x3.3mm","1",""
"U5","AP2112K-3.3","Package_TO_SOT_SMD:SOT-23-5","1",""
"U6","BMP280","Package_LGA:Bosch_LGA-8_2x2.5mm_P0.65mm_ClockwisePinNumbering","1",""
